№ лота,Код ТРУ,Наименование товара,Наименование объявления,Наименование и описание лота,Кол-во,"Сумма, тг.",Способ закупки,Статус
36281190-ОЛ-ОИ2,141913.100.010003,Перчатки,14651540-1 Приобретение спецодежды и СИЗ для нужд производственных подразделений предприятия,Приобретение спецодежды и СИЗ для нужд производственных подразделений предприятия,17,17 459 620.00,Из одного источника по несостоявшимся закупкам,Закупка состоялась
34165569-ОЛ-ОИ2,152032.990.000022,Полуботинки,13833167-1 Приобретение форменного обмундирования (обувь),Приобретение форменного обмундирования (обувь),6,15 207 401.82,Из одного источника по несостоявшимся закупкам,Закупка состоялась
36046795-ОЛ-ОК1,202014.300.000000,"Средство дезинфицирующее на основе этанола, 2-пропанола, 1-пропанола, хлорид цетримония",14539168-1 Приобретение дезинфицирующих средств,Приобретение дезинфицирующих средств,10,171 656 337.00,Открытый конкурс,Закупка состоялась
74923744-ОК7,202014.300.000000,"Средство дезинфицирующее на основе этанола, 2-пропанола, 1-пропанола, хлорид цетримония",15212167-1 Приобретение дезинфицирующих средств,Средство дезинфицирующее,1003,20 210 450.00,Открытый конкурс,Закупка состоялась
36046795-ОЛ-ОК1,202014.900.000013,Средство дезинфицирующее на основе полихлоросульфат алюминия,14539168-1 Приобретение дезинфицирующих средств,Приобретение дезинфицирующих средств,10,171 656 337.00,Открытый конкурс,Закупка состоялась
36046795-ОЛ-ОК1,204132.590.000024,"Средство моющее для любых видов поверхностей, жидкость",14539168-1 Приобретение дезинфицирующих средств,Приобретение дезинфицирующих средств,10,171 656 337.00,Открытый конкурс,Закупка состоялась
72840085-АУК3,239919.100.000020,"Мат теплоизоляционный из минеральной ваты, марка МВС-125",14824372-1 Приобретение дезинфекционных матов,Мат теплоизоляционный,336,15 758 702.40,Аукцион,Закупка состоялась
38189518-ОЛ-ОК1,273213.300.000000,Кабель специализированный для микрофона,15452820-1 Товары для дооснащения креативного центра г.Алматы,Товары для дооснащения креативного центра г.Алматы,15,20 546 427.70,Открытый конкурс,Закупка состоялась
79674783-ЗЦП3,281314.900.000045,"Насос для воды и других чистых, химически нейтральных жидкостей, сетевой, подача 500-5000 м3/ч",15134461-1 Сетевой насос в комплекте с электродвигателем,Насос,1,18 495 178.58,Запрос ценовых предложений,Закупка состоялась
80178568-ОК1,281314.900.000045,"Насос для воды и других чистых, химически нейтральных жидкостей, сетевой, подача 500-5000 м3/ч",15366582-1 «Приобретение сетевого насос в комплекте с электродигателем КГП «Тепловодоцентраль города Серебрянск и поселка Новая Бухтарма акимата района Алтай»,Насос,1,18 495 178.58,Открытый конкурс,Закупка состоялась
37009592-ОЛ-ЗЦП1,281413.730.000016,"Кран шаровой стальной, условное давление 0-420 Мпа, диаметр 10-1400 мм, ручной",14923517-1 Приобретение кранов шаровых,Приобретение кранов шаровых,21,20 241 170.00,Запрос ценовых предложений,Закупка состоялась
79108187-ОК2,281413.730.000016,"Кран шаровой стальной, условное давление 0-420 Мпа, диаметр 10-1400 мм, ручной","14998307-2 Приобретение задвижки с электроприводом для АО ""Астана-Энергия""",Кран шаровой стальной,1,37 873 922.00,Открытый конкурс,Закупка состоялась
78738851-ОТ2,283051.500.000000,"Косилка навесная, для трактора",14853049-1 Закупки косилки спиннера,Косилка,5,42 250 000.00,Тендер,Закупка состоялась
79175060-ОТ2,283051.500.000000,"Косилка навесная, для трактора",15004670-2 Закупки косилки спиннера,Косилка,30,49 553 571.00,Тендер,Закупка состоялась
73753193-ОК2,291022.300.000018,"Автомобиль легковой, класс С, механическая трансмиссия, объем до 2000 куб.см",14276933-2 Государственные закупки для ГУ «Департамент полиции Западно-Казахстанской области Министерства внутренних дел Республики Казахстан» способом открытого конкурса,Автомобиль,30,174 107 142.90,Открытый конкурс,Закупка состоялась
75875519-ОК1,291022.300.000018,"Автомобиль легковой, класс С, механическая трансмиссия, объем до 2000 куб.см",14370836-1 Государственная закупка товара для ГУ «Департамент полиции области Ұлытау Министерства внутренних дел Республики Казахстан» способом открытого конкурса,Автомобиль,8,84 400 000.00,Открытый конкурс,Закупка состоялась
75899855-ОК3,291022.300.000018,"Автомобиль легковой, класс С, механическая трансмиссия, объем до 2000 куб.см",14330585-1 Повторные государственные закупки товара для ГУ «Департамент полиции Акмолинской области Министерства внутренних дел Республики Казахстан» способом конкурса,Автомобиль,3,103 081 285.71,Открытый конкурс,Закупка состоялась
75962357-ОК2,291022.300.000018,"Автомобиль легковой, класс С, механическая трансмиссия, объем до 2000 куб.см","13829309-1 Автомобиль согласно технической спецификации для ГУ ""Управление ветеринарии Карагандинской области""",Автомобиль,61,429 995 536.15,Открытый конкурс,Закупка состоялась
76226432-ОК3,291022.300.000018,"Автомобиль легковой, класс С, механическая трансмиссия, объем до 2000 куб.см",15472728-1 Приобретение автомобилей согласно технической спецификации,Автомобиль,15,109 821 420.00,Открытый конкурс,Закупка состоялась
76233650-ОИ2,291022.300.000018,"Автомобиль легковой, класс С, механическая трансмиссия, объем до 2000 куб.см","13639008-1 легковой, класс С, механическая трансмиссия, объем до 2000 куб.см",Автомобиль,1,15 890 000.00,Из одного источника по несостоявшимся закупкам,Закупка состоялась
76282835-ЗЦП1,291022.300.000018,"Автомобиль легковой, класс С, механическая трансмиссия, объем до 2000 куб.см",13615833-1 Приобретение служебного автомобиля,Автомобиль,1,15 000 000.00,Запрос ценовых предложений,Закупка состоялась
76403805-ЗЦП1,291022.300.000018,"Автомобиль легковой, класс С, механическая трансмиссия, объем до 2000 куб.см",13677406-1 Приобретение служебной автомобиля,Автомобиль,1,17 857 142.80,Запрос ценовых предложений,Закупка состоялась
76688264-ОК2,291022.300.000018,"Автомобиль легковой, класс С, механическая трансмиссия, объем до 2000 куб.см",14637240-1 Приобретение служебного легкового автомобиля,Автомобиль,3,76 312 500.00,Открытый конкурс,Закупка состоялась
77103537-ОИ3,291022.300.000018,"Автомобиль легковой, класс С, механическая трансмиссия, объем до 2000 куб.см",13949236-1 приобретение автомобилей  для государственных учреждении (согласно тех специфику),Автомобиль,1,16 964 285.71,Из одного источника по несостоявшимся закупкам,Закупка состоялась
77464625-ОК2,291022.300.000018,"Автомобиль легковой, класс С, механическая трансмиссия, объем до 2000 куб.см","14251017-1 Приобретение автомобиля для КГП на ПХВ ""Каркаралинская районная ветеринарная станция"" Управления ветеринарии Карагандинской области",Автомобиль,2,15 982 142.86,Открытый конкурс,Закупка состоялась
78166831-ОИ2,291022.300.000018,"Автомобиль легковой, класс С, механическая трансмиссия, объем до 2000 куб.см",14337915-1 Приобретение легокового автомобиля,Автомобиль,1,16 890 000.00,Из одного источника по несостоявшимся закупкам,Закупка состоялась
78474084-ОК2,291022.300.000018,"Автомобиль легковой, класс С, механическая трансмиссия, объем до 2000 куб.см",14745635-1 Приобретение транспортных средств (согласно технической спецификации),Автомобиль,1,29 607 857.14,Открытый конкурс,Закупка состоялась
80251744-ОИ2,291022.300.000018,"Автомобиль легковой, класс С, механическая трансмиссия, объем до 2000 куб.см",15382962-1 Автомобиль легковой 5-местный,Автомобиль,1,22 190 000.00,Из одного источника по несостоявшимся закупкам,Закупка состоялась
80539260-ОК2,291022.300.000018,"Автомобиль легковой, класс С, механическая трансмиссия, объем до 2000 куб.см",15586720-1 Приобретение автомобилей для Государственного учреждения,Автомобиль,10,76 250 000.00,Открытый конкурс,Закупка состоялась
80681701-ОИ2,291022.300.000018,"Автомобиль легковой, класс С, механическая трансмиссия, объем до 2000 куб.см",15586108-1 Микроавтобус для перевозки детей,Автомобиль,1,15 440 000.00,Из одного источника по несостоявшимся закупкам,Закупка состоялась
80851726-ОИ2,291022.300.000018,"Автомобиль легковой, класс С, механическая трансмиссия, объем до 2000 куб.см",15666200-1 Микроавтобус для перевозки детей,Автомобиль,1,15 440 000.00,Из одного источника по несостоявшимся закупкам,Закупка состоялась
73007144-ОК1,291059.991.000000,"Автомобиль специализированный, технической помощи","13452681-2 Приобретение вакуумной машины на шассси для КГУ ""Экибастуз-сервис""",Автомобиль,1,50 178 571.43,Открытый конкурс,Закупка состоялась
75867366-ОК1,291059.991.000000,"Автомобиль специализированный, технической помощи",13887363-2 Приобретение специальный техники,Автомобиль,1,55 299 107.14,Открытый конкурс,Закупка состоялась
76905306-ОК1,291059.991.000000,"Автомобиль специализированный, технической помощи","14198454-1 Государственная закупка для ГУ ""Отдел жилищно-коммунального хозяйства, пассажирского транспорта, автомобильных дорог и жилищной инспекции Макатского района""",Автомобиль,1,111 607 142.86,Открытый конкурс,Закупка состоялась
73129998-ОК1,291059.999.000049,"Автомобиль специализированный, мастерская передвижная","13845260-1 Передвижная автомастерская для АО ""Астана-Теплотранзит""",Автомобиль,3,229 821 428.55,Открытый конкурс,Закупка состоялась
75552788-ОК1,291059.999.000049,"Автомобиль специализированный, мастерская передвижная",14462450-1 Приобретение спецтехники - автомастерская,Автомобиль,1,85 615 000.00,Открытый конкурс,Закупка состоялась
76354254-ОК4,291059.999.000049,"Автомобиль специализированный, мастерская передвижная",14152485-1 Приобретение автомобиля мастерская передвижная,Автомобиль,1,58 035 714.28,Открытый конкурс,Закупка состоялась
77194480-ОК1,291059.999.000049,"Автомобиль специализированный, мастерская передвижная",13839845-1 Специализированная техника для ГКП «Өскемен Водокнал»,Автомобиль,1,37 197 321.00,Открытый конкурс,Закупка состоялась
77509511-ОК1,291059.999.000049,"Автомобиль специализированный, мастерская передвижная",13954147-3 Приобретение автомобиля мастерская передвижная,Автомобиль,1,58 035 714.28,Открытый конкурс,Закупка состоялась
77972210-ОК1,291059.999.000049,"Автомобиль специализированный, мастерская передвижная","14439042-1 Авторемонтная мастерская на шасси грузового автомобиля согласно технической спецификации для ГКП ""Костанай-СУ""",Автомобиль,1,36 800 000.00,Открытый конкурс,Закупка состоялась
78122422-ОК1,291059.999.000049,"Автомобиль специализированный, мастерская передвижная",14240194-2 Передвижная аварийная мастерская,Автомобиль,4,140 000 000.00,Открытый конкурс,Закупка состоялась
78428051-ЗЦП2,291059.999.000049,"Автомобиль специализированный, мастерская передвижная",15805943-1 Автомобиль специализированный вахтовый автобус,Автомобиль,1,28 000 000.00,Запрос ценовых предложений,Закупка состоялась
78428051-ОИ3,291059.999.000049,"Автомобиль специализированный, мастерская передвижная","14468425-1 Автомобиль специализированный, мастерская передвижная",Автомобиль,1,31 000 000.00,Из одного источника по несостоявшимся закупкам,Закупка состоялась
79121438-ОК1,291059.999.000049,"Автомобиль специализированный, мастерская передвижная",14803945-1 Автомастерская на шасси,Автомобиль,1,22 000 000.00,Открытый конкурс,Закупка состоялась
79269215-ОК1,291059.999.000049,"Автомобиль специализированный, мастерская передвижная","14919734-1 Приобретение передвижная мастерская на шасси для АО ""Aqtobe su-energy group""",Автомобиль,6,150 000 000.00,Открытый конкурс,Закупка состоялась
79326777-ОИ2,291059.999.000049,"Автомобиль специализированный, мастерская передвижная",14968154-1 Приобретение автомастерской на шасси,Автомобиль,1,29 500 000.00,Из одного источника по несостоявшимся закупкам,Закупка состоялась
79995877-ОК3,291059.999.000049,"Автомобиль специализированный, мастерская передвижная",15340981-1  передвижная мастерская ПАРМ на шасси,Автомобиль,1,45 500 000.00,Открытый конкурс,Закупка состоялась
73831908-ОК2,291059.999.000094,"Автомобиль специальный, класс A-для транспортировки пациентов","13608599-1 Автомобиль Комплекс передвижной неотложной медицинской помощи для линейных, кардиологических, реанимационных бригад и бригад интенсивной терапии на баз",Автомобиль,2,52 000 000.00,Открытый конкурс,Закупка состоялась
75408068-ОК2,291059.999.000094,"Автомобиль специальный, класс A-для транспортировки пациентов","14538030-1 Приобретение автомобиля скорой медицинской помощи КГП на ПХВ ""Кызылжарская районная больница"" КГУ ""Управление здравоохранения акимата Северо-Казахстанской области""",Автомобиль,1,22 098 214.29,Открытый конкурс,Закупка состоялась
75451880-ОК1,291059.999.000094,"Автомобиль специальный, класс A-для транспортировки пациентов",14017034-1 Приобретение автотранспорта для КГП на ПХВ «Областной центр скорой медицинской помощи» КГУ «Управление здравоохранения акимата Северо- Казахстанской области»,Автомобиль,2,48 000 000.00,Открытый конкурс,Закупка состоялась
75546459-ОК2,291059.999.000094,"Автомобиль специальный, класс A-для транспортировки пациентов",14530718-1 Приобретение автотранспорта для КГП на ПХВ «Жамбылская районная больница» КГУ «Управление здравоохранения акимата Северо-Казахстанской области»,Автомобиль,1,22 098 214.29,Открытый конкурс,Закупка состоялась
75909768-ЗЦП2,291059.999.000094,"Автомобиль специальный, класс A-для транспортировки пациентов",14969538-1 Приобретение специализированного автомобиля инватакси для перевозки для людей с ограниченными возможностями (инвалидностью),Автомобиль,1,25 500 000.00,Запрос ценовых предложений,Закупка состоялась
76443819-ОК1,291059.999.000094,"Автомобиль специальный, класс A-для транспортировки пациентов",13738941-1 Приобретение автомобиля (СП),Автомобиль,10,280 000 000.00,Открытый конкурс,Закупка состоялась
76444215-ОК4,291059.999.000094,"Автомобиль специальный, класс A-для транспортировки пациентов",15164125-1 Приобретение специальной автомобили для транспортировки пациентов (повторная закупка),Автомобиль,15,812 400 000.00,Открытый конкурс,Закупка состоялась
76656371-ОК2,291059.999.000094,"Автомобиль специальный, класс A-для транспортировки пациентов","13895774-1 Товары, согласно технической спецификации",Автомобиль,1,30 000 000.00,Открытый конкурс,Закупка состоялась
78160366-ОК2,291059.999.000094,"Автомобиль специальный, класс A-для транспортировки пациентов",14520961-1 Приобретение автомобилей скорой медицинской помощи для КГП на ПХВ «Областной центр скорой медицинской помощи» КГУ «Управление здравоохранения акимата Северо- Казахстанской области»,Автомобиль,4,120 000 000.00,Открытый конкурс,Закупка состоялась
78237857-ОК2,291059.999.000094,"Автомобиль специальный, класс A-для транспортировки пациентов",14573525-1 Приобретение автомобиля скорой медицинской помощи для КГП на ПХВ «Районная больница района Магжана Жумабаева» КГУ «Управление здравоохранения акимата Северо-Казахстанской области»,Автомобиль,1,22 098 214.29,Открытый конкурс,Закупка состоялась
78241217-ОК2,291059.999.000094,"Автомобиль специальный, класс A-для транспортировки пациентов","14533478-1 Приобретение автотранспорта для КГП на ПХВ ""Айыртауская районная больница"" КГУ Управление здравоохранения акимата СКО",Автомобиль,2,44 196 428.00,Открытый конкурс,Закупка состоялась
78241522-ОК2,291059.999.000094,"Автомобиль специальный, класс A-для транспортировки пациентов","14570670-1 Приобретение автомобиля скорой медицинской помощи для КГП на ПХВ ""Мамлютская районная больница"" КГУ  ""Управление здравоохранения акимата Северо-Казахстанской области""",Автомобиль,1,22 098 214.29,Открытый конкурс,Закупка состоялась
78306738-ОК1,291059.999.000094,"Автомобиль специальный, класс A-для транспортировки пациентов","14342904-2 Приобретение автотранспорта для КГП на ПХВ ""Районная больница района Шал акына"" КГУ ""Управление здравоохранения акимата Северо-Казахстанской области""",Автомобиль,1,22 098 214.29,Открытый конкурс,Закупка состоялась
78332179-ОК2,291059.999.000094,"Автомобиль специальный, класс A-для транспортировки пациентов",14532158-1 Приобретение автомобиля скорой медицинской помощи для КГП на ПХВ «Явленская районная больница» КГУ «Управление здравоохранения акимата Северо-Казахстанской области»,Автомобиль,1,22 098 214.29,Открытый конкурс,Закупка состоялась
79666446-ОК1,291059.999.000094,"Автомобиль специальный, класс A-для транспортировки пациентов","15072748-1 Приобретение автомобиля скорой медицинской помощи для КГП на ПХВ ""Кызылжарская районная больница"" КГУ ""Управление здравоохранения акимата Северо-Казахстанской области""",Автомобиль,1,21 000 000.00,Открытый конкурс,Закупка состоялась
80289343-ОК1,291059.999.000094,"Автомобиль специальный, класс A-для транспортировки пациентов",15380608-1 Приобретение специальной автомобили для транспортировки пациентов,Автомобиль,15,812 400 000.00,Открытый конкурс,Закупка состоялась
